collection,cumulativeTradeVolumeETH,dailyMaxSalePrice,dailyMinSalePrice,dailyTradeVolumeETH,dailyTradedItemCount,transaction_date,dailyMinSalePrice_USD,dailyMaxSalePrice_USD,DailyTradeVolumeUSD
Cryptovoxels Parcel,277.0380867514869,0.4199,0.301001,1.660911,5,2022-09-30,406.5465659532188,567.137328592784,2243.3070435112395
Somnium Space Land,204.66499789,0.8,0.8,0.8,1,2022-09-30,1080.518844663556,1080.518844663556,1080.518844663556
NFT Worlds,2980.152622120839,0.75,0.6,2.62,4,2022-09-30,810.389133497667,1012.9864168720836,3538.6992162731462
Decentraland LAND,698.03154421499,1.755,1.755,1.755,1,2022-09-30,2371.2860793232403,2371.2860793232403,2371.2860793232403
Sandbox's LANDs,5903.1111953676755,2.38,1.2,53.9774,32,2022-09-30,1620.778266995334,3214.5435628740797,72904.49735742829
Somnium Space Land,203.86499789,2.05,2.05,2.05,1,2022-09-29,2741.881697044488,2741.881697044488,2741.881697044488
Sandbox's LANDs,5849.133795367675,3.6,1.25,47.978,26,2022-09-29,1671.8790835637126,4815.011760663492,64170.73173697584
Cryptovoxels Parcel,275.3771757514869,1.25,0.499,1.749,2,2022-09-29,667.4141301586341,1671.8790835637126,2339.2932137223465
NFT Worlds,2977.5326221208393,2.0,0.78,22.9994,20,2022-09-29,1043.2525481437567,2675.00653370194,30761.7726356122
Decentraland LAND,696.27654421499,2.3,1.7,4.0,2,2022-09-29,2273.755553646649,3076.2575137572308,5350.01306740388
Sandbox's LANDs,5801.155795367676,1.95,1.35,55.489,35,2022-09-28,1806.7911384832016,2609.8094222535133,74264.4692468847
NFT Worlds,2954.533222120839,0.99,0.7500999999999999,7.1101,8,2022-09-28,1003.906691093518,1324.9801682210143,9515.900499058822
Cryptovoxels Parcel,273.6281757514869,0.46,0.4199,1.2999,3,2022-09-28,561.9789622585898,615.6473508905724,1739.7391117883806
Decentraland LAND,692.27654421499,2.0,1.3476152250000002,8.593615225,4,2022-09-28,1803.599441937071,2676.727612567706,11501.38358226987
Sandbox's LANDs,5745.666795367675,1.995,1.1101,39.6772,22,2022-09-27,1476.61959920396,2653.685344033781,52777.34542972287
Cryptovoxels Parcel,272.3282757514869,0.335001,0.3301,0.665101,2,2022-09-27,439.08848725090274,445.6076410710078,1000.0
NFT Worlds,2947.4231221208393,2.49,0.75,19.9198,19,2022-09-27,997.626069185632,3312.118549696298,26496.68236395193
Decentraland LAND,683.68292898999,1.743,1.251,4.694,2,2022-09-27,1664.0402834016338,2318.4829847874084,6243.809025009808
Sandbox's LANDs,5705.989595367675,3.269,0.005,58.33505402334656,170,2022-09-26,120.0,4360.097666204391,77805.60810801481
Decentraland LAND,678.98892898999,1.75,1.75,1.75,1,2022-09-26,2334.099393043036,2334.099393043036,2334.099393043036
NFT Worlds,2927.503322120839,1.59,0.6,28.0738,34,2022-09-26,800.2626490433266,2120.696019964816,37444.0225945209
Cryptovoxels Parcel,271.6631747514869,0.3194,0.3194,0.3194,1,2022-09-26,426.0064835073976,426.0064835073976,1000.0
NFT Worlds,2899.429522120839,1.49,0.599,7.874,11,2022-09-25,775.202844992743,1928.300899898476,10190.229050872886
Sandbox's LANDs,5647.654541344329,1.836,1.35,26.881,18,2022-09-25,1747.1182650086864,2376.0808404118134,34788.36006051741
Cryptovoxels Parcel,271.3437747514869,0.48,0.42,1.35,3,2022-09-25,543.547904669369,621.1976053364218,1747.1182650086864
Decentraland LAND,677.23892898999,1.85,1.85,1.85,1,2022-09-25,2394.1991039007926,2394.1991039007926,2394.1991039007926
Sandbox's LANDs,5620.773541344329,2.376,1.1101,47.7120999,28,2022-09-24,1461.8375162860743,3128.840589762825,62829.778951994456
Somnium Space Land,201.81499789,3.75,3.75,18.75,5,2022-09-24,4938.195375256984,4938.195375256984,24690.97687628492
NFT Worlds,2891.555522120839,1.49,0.5105,3.1815,4,2022-09-24,672.252997084984,1962.1096291021083,4189.564956368025
Decentraland LAND,675.38892898999,1.989,1.251,3.24,2,2022-09-24,1647.3819771857295,2619.2188270363044,4266.600804222035
Cryptovoxels Parcel,269.99377475148685,0.9,0.9,1.8,2,2022-09-23,1194.1117194743858,1194.1117194743858,2388.223438948772
Sandbox's LANDs,5573.061441444329,3.3,1.0695,165.736348,98,2022-09-23,1419.002759975395,4378.409638072748,200000.0
NFT Worlds,2888.374022120839,0.8,0.6,3.27,5,2022-09-23,796.0744796495906,1061.4326395327876,4338.605914090269
Somnium Space Land,183.06499789,6.5,6.5,6.5,1,2022-09-23,8624.140196203898,8624.140196203898,8624.140196203898
Decentraland LAND,672.14892898999,1.7,1.7,1.7,1,2022-09-23,2255.544359007173,2255.544359007173,2255.544359007173
NFT Worlds,2885.104022120839,1.3,0.49,8.5565,13,2022-09-22,650.7273267767741,1726.41943838736,11363.159941970343
Sandbox's LANDs,5407.325093444329,2.0,0.911,172.6586526,136,2022-09-22,1209.8216218237578,2656.0299052113232,200000.0
Decentraland LAND,670.44892898999,2.3,2.3,2.3,1,2022-09-22,3054.4343909930217,3054.4343909930217,3054.4343909930217
Cryptovoxels Parcel,268.1937747514869,0.98,0.401,1.7828,3,2022-09-22,532.5339959948703,1301.4546535535485,2367.585057505373
Cryptovoxels Parcel,266.4109747514869,0.405,0.3032,2.82675,5,2022-09-21,379.1132928722936,506.4013311783605,3534.493735576372
Somnium Space Land,176.56499789,3.45,1.59,5.04,2,2022-09-21,1988.0941149965263,4313.789117445293,6301.883232441819
Decentraland LAND,668.14892898999,1.9,1.25,10.105,4,2022-09-21,1562.9670715381496,2375.709948737988,12635.025806314405
Sandbox's LANDs,5234.6664408443285,2.699986957837301,0.98,28.2887359578373,21,2022-09-21,1225.3661840859093,3375.992566945731,35371.49023802953
NFT Worlds,2876.5475221208394,0.75,0.55,5.1011,8,2022-09-21,687.7055114767859,937.7802429228898,6378.281062898604
Decentraland LAND,658.04392898999,1.788,1.77,3.558,2,2022-09-20,2340.5396220678867,2364.3417199194246,4704.881341987311
Cryptovoxels Parcel,263.5842247514869,0.5,0.414,1.328,3,2022-09-20,547.4482505853701,661.1693847649398,1756.0658859356802
Sandbox's LANDs,5206.377704886491,5.5,1.0,50.16881,33,2022-09-20,1322.3387695298795,7272.863232414337,66340.16248417832
Somnium Space Land,171.52499789,1.0,1.0,1.0,1,2022-09-20,1322.3387695298795,1322.3387695298795,1322.3387695298795
NFT Worlds,2871.446422120839,0.715,0.69,2.115,3,2022-09-20,912.4137509756168,945.4722202138638,2796.7464975556954
Decentraland LAND,654.48592898999,2.0,2.0,2.0,1,2022-09-19,2757.428178042732,2757.428178042732,2757.428178042732
Cryptovoxels Parcel,262.25622475148685,0.5,0.3897,0.8897,2,2022-09-19,537.2848804916263,689.357044510683,1226.641925002309
Sandbox's LANDs,5156.208894886491,3.28,0.4,39.1307222,28,2022-09-19,551.4856356085464,4522.18221199008,53950.07801072114
NFT Worlds,2869.3314221208393,0.72,0.601,2.671,4,2022-09-19,828.6071675018409,992.6741440953834,3682.545331776068
Decentraland LAND,652.48592898999,1.8,1.75,3.55,2,2022-09-18,2332.806674957739,2399.4582942422458,4732.264969199984
Sandbox's LANDs,5117.078172686492,2.09,1.000001,65.6198998,52,2022-09-18,1333.033718722522,2786.037686092385,87473.4515791417
NFT Worlds,2866.660422120839,0.71,0.71,0.71,1,2022-09-18,946.4529938399968,946.4529938399968,1000.0
Cryptovoxels Parcel,261.3665247514869,0.45,0.3207,1.4142,4,2022-09-18,427.5034860908267,599.8645735605614,1885.1743998429904
Sandbox's LANDs,5051.458272886492,1.5,1.0,40.006999,35,2022-09-17,1470.07625001432,2205.11437502148,58813.339064246655
Cryptovoxels Parcel,259.95232475148686,0.79,0.42,3.255,6,2022-09-17,617.4320250060144,1161.360237511313,4785.098193796612
Somnium Space Land,170.52499789,1.5,1.5,1.5,1,2022-09-17,2205.11437502148,2205.11437502148,2205.11437502148
NFT Worlds,2865.950422120839,0.71,0.615,1.325,2,2022-09-17,904.0968937588068,1043.754137510167,1947.851031268974
Sandbox's LANDs,5011.451273886491,1.99,0.95,43.8729996,39,2022-09-16,1358.7503033864002,2846.2243197251964,62749.948965233074
Decentraland LAND,648.93592898999,1.7,1.59,3.29,2,2022-09-16,2274.11892882566,2431.4479113230323,4705.566840148692
Cryptovoxels Parcel,256.69732475148686,0.87,0.4,1.27,2,2022-09-16,572.105390899537,1244.329225206493,1816.43461610603
NFT Worlds,2864.625422120839,1.5,0.6,4.127,4,2022-09-16,858.1580863493054,2145.395215873264,5902.6973706059725
Cryptovoxels Parcel,255.42732475148688,0.5,0.4,1.32069,3,2022-09-15,588.4804315442242,735.6005394302802,1943.0005528403533
Decentraland LAND,645.64592898999,1.65,1.65,1.65,1,2022-09-15,2427.481780119924,2427.481780119924,2427.481780119924
NFT Worlds,2860.498422120839,1.47,0.675,3.645,4,2022-09-15,993.0607282308782,2162.665585925024,5362.527932446742
Sandbox's LANDs,4967.578274286491,3.0,0.4,50.8096899,39,2022-09-15,588.4804315442242,4413.603236581681,74751.27059745052
NFT Worlds,2856.8534221208392,1.5,0.58,12.38,13,2022-09-14,948.2362225749536,2452.335058383501,20239.938681858494
Sandbox's LANDs,4916.768584386491,2.06,0.95,23.6549999999,20,2022-09-14,1553.145536976217,3367.873480180008,38673.32387054432
Cryptovoxels Parcel,254.1066347514869,0.38,0.3569,0.7369,2,2022-09-14,583.492254891381,621.2582147904868,1204.7504696818678
Decentraland LAND,643.99592898999,1.59,1.49999,7.58999,5,2022-09-14,2452.3187094831114,2599.4751618865107,12408.799046520126
NFT Worlds,2844.473422120839,1.25,0.55,3.6899,4,2022-09-13,865.1381193928871,1966.2229986201976,5804.132994086935
Sandbox's LANDs,4893.113584386592,2.55,0.939,38.851999,32,2022-09-13,1477.0267165634923,4011.094917185204,61113.35518093514
Cryptovoxels Parcel,253.36973475148687,0.45,0.4,0.85,2,2022-09-13,629.1913595584633,707.8402795032713,1337.0316390617345
Decentraland LAND,636.40593898999,1.499999,1.15,3.949999,3,2022-09-13,1808.9251587305816,2359.4660253658385,6213.263102661426
NFT Worlds,2840.7835221208393,0.75,0.6,2.0,3,2022-09-12,1027.3379880319142,1284.1724850398928,3424.459960106381
Sandbox's LANDs,4854.261585386592,4.0,0.09499999,30.38595531,24,2022-09-12,162.66183098275332,6848.919920212762,52027.74365433844
Somnium Space Land,169.02499789,1.25,1.25,1.25,1,2022-09-12,2140.287475066488,2140.287475066488,2140.287475066488
Cryptovoxels Parcel,252.51973475148688,0.4,0.3,1.839,5,2022-09-12,513.6689940159571,684.8919920212762,3148.790933317817
Decentraland LAND,632.45593998999,1.15,1.15,1.15,1,2022-09-12,1969.0644770611689,1969.0644770611689,1969.0644770611689
Decentraland LAND,631.30593998999,2.175,1.5,5.225,3,2022-09-11,2643.454643784592,3833.009233487658,9208.03367584966
Cryptovoxels Parcel,250.68073475148688,0.3875,0.349,0.7365,2,2022-09-11,615.0437804538817,682.892449644353,1297.9362300982348
NFT Worlds,2838.7835221208393,1.389999,0.5202,3.909199,4,2022-09-11,916.7500704644964,2449.5995409372927,6889.193500018722
Sandbox's LANDs,4823.875630076592,2.14,0.94,24.456988889999,21,2022-09-11,1656.564910105011,3771.328625132685,43100.62723617069
Decentraland LAND,626.08093998999,1.72,1.15,4.32,3,2022-09-10,2046.1849219480544,3060.3809267396987,7686.538141578779
NFT Worlds,2834.874323120839,0.7,0.5201,4.859,7,2022-09-10,925.4093720914636,1245.5038655335984,8645.57611803965
Sandbox's LANDs,4799.418641186592,1.55,0.669799864,28.318799564,23,2022-09-10,1191.769028208398,2757.901416538682,50387.39189176168
Cryptovoxels Parcel,249.94423475148687,0.69,0.3875,1.4814,3,2022-09-10,689.4753541346705,1227.7109531688327,2635.8420377163898
NFT Worlds,2830.015323120839,0.8,0.5131,4.1221,6,2022-09-09,880.92731737432,1373.4980586619686,7077.120434513125
Decentraland LAND,621.76093998999,1.52,1.52,1.52,1,2022-09-09,2609.64631145774,2609.64631145774,2609.64631145774
Sandbox's LANDs,4771.099841622592,1.95,0.4,38.6848995,33,2022-09-09,686.7490293309843,3347.901517988548,66417.04295347919
Somnium Space Land,167.77499789,2.0,2.0,2.0,1,2022-09-09,3433.745146654921,3433.745146654921,3433.745146654921
Cryptovoxels Parcel,248.46283475148687,0.4185,0.2616999999999999,1.0702,3,2022-09-08,427.20326303409456,683.1660893380537,1747.0115861638833
NFT Worlds,2825.893223120839,1.25,0.602,5.401,6,2022-09-08,982.7144224169851,2040.5199801017136,8816.678730023485
Decentraland LAND,620.24093998999,1.9,1.6,3.5,2,2022-09-08,2611.865574530193,3101.5903697546046,5713.455944284799
Sandbox's LANDs,4732.414942122592,1.499,0.6476,31.6955996,26,2022-09-08,1057.1525912910956,2446.9915601379757,51740.40341208311
Somnium Space Land,165.77499789,1.1,1.1,1.1,1,2022-09-08,1795.657582489508,1795.657582489508,1795.657582489508
Decentraland LAND,616.74093998999,2.7,1.5,7.4299,4,2022-09-07,2441.6754163550395,4395.015749439071,12094.269450650872
Sandbox's LANDs,4700.719342522592,1.722222222222222,0.4,57.282189,45,2022-09-07,651.1134443613439,2803.405107666897,93243.00845086871
NFT Worlds,2820.4922231208393,1.25,0.72,7.584,9,2022-09-07,1172.004199850419,2034.7295136292,12345.110905091078
Cryptovoxels Parcel,247.39263475148687,0.4498,0.3267,2.4252,6,2022-09-07,531.7969056821275,732.1770681843311,3947.700813162828
Sandbox's LANDs,4643.437153522592,1.65,0.94,38.44,36,2022-09-06,1468.2554514253136,2577.256909416774,60042.27611998835
NFT Worlds,2812.908223120839,0.85,0.076,3.0573,4,2022-09-06,120.0,1327.6778018207624,4775.422757066608
Cryptovoxels Parcel,244.96743475148688,1.0,1.0,1.0,1,2022-09-06,1561.9738844950143,1561.9738844950143,1561.9738844950143
Decentraland LAND,609.31103998999,1.27,1.27,1.27,1,2022-09-06,1983.7068333086688,1983.7068333086688,1983.7068333086688
Somnium Space Land,164.67499789,0.3,0.3,0.3,1,2022-09-05,485.8608320164342,485.8608320164342,1000.0
NFT Worlds,2809.850923120839,1.0,0.633,2.403,3,2022-09-05,1025.166355554676,1619.5361067214474,3891.745264451638
Sandbox's LANDs,4604.997153522592,1.8888888888888888,0.9,74.4109999,61,2022-09-05,1457.5824960493026,3059.123757140512,120511.301075296
Cryptovoxels Parcel,243.96743475148688,0.315,0.315,0.63,2,2022-09-05,510.1538736172559,510.1538736172559,1020.3077472345118
Decentraland LAND,608.04103998999,1.75,0.0066666666666666,4.95,18,2022-09-05,120.0,2834.188186762533,8016.703728271164
Cryptovoxels Parcel,243.33743475148688,0.6,0.4632233796296296,1.5622233796296296,3,2022-09-04,729.8430886766074,945.3448864262684,2461.399805647389
Sandbox's LANDs,4530.586153622592,1.39,0.4,74.212,74,2022-09-04,630.229924284179,2190.0489868875216,116926.55785244372
Decentraland LAND,603.09103998999,1.6,1.5,3.1,2,2022-09-04,2363.362216065671,2520.919697136716,4884.281913202387
NFT Worlds,2807.4479231208393,0.75,0.7,2.95,4,2022-09-04,1102.902367497313,1181.6811080328357,4647.94569159582
Cryptovoxels Parcel,241.77521137185724,1.5,0.41,3.27956,4,2022-09-03,637.5498006767225,2332.499270768497,5099.714205627688
Sandbox's LANDs,4456.374153622592,19.98,0.83,83.9149889,49,2022-09-03,1290.6495964919018,31068.890286636382,130487.76694386436
Decentraland LAND,599.99103998999,1.979,1.849,3.828,2,2022-09-03,2875.1941011006343,3077.3440379005706,5952.538139001204
NFT Worlds,2804.497923120839,1.9,0.795,6.445,6,2022-09-03,1236.2246135073035,2954.499076306763,10021.97186673531
Sandbox's LANDs,4372.459164722592,5.55,0.9,71.885,67,2022-09-02,1419.2711634366829,8752.172174526211,113360.3417596066
Cryptovoxels Parcel,238.49565137185724,1.69,0.33,3.62,5,2022-09-02,520.3994265934504,2665.075851342216,5708.624012934213
Decentraland LAND,596.16303998999,2.1,2.0,4.1,2,2022-09-02,3153.935918748184,3311.6327146855933,6465.568633433777
NFT Worlds,2798.0529231208393,0.9,0.691,11.7471,15,2022-09-02,1089.6848599274974,1419.2711634366829,18524.8003155634
NFT Worlds,2786.3058231208392,1.35,0.5573,1.9073,2,2022-09-01,883.9503787343615,2141.275814267698,3025.226193002059
Cryptovoxels Parcel,234.87565137185723,0.31,0.31,0.31,1,2022-09-01,491.7003721651751,491.7003721651751,1000.0
Somnium Space Land,164.37499789,23.0,8.0,33.0,2,2022-09-01,10000.0,36480.9953541904,52342.29768209928
Decentraland LAND,592.06303998999,10.0,1.5,19.26,4,2022-09-01,2379.195349186331,15861.302327908872,30548.86828355249
Sandbox's LANDs,4300.574164722592,1.485,0.094,81.26625,77,2022-09-01,149.0962418823434,2355.403395694468,128898.85603054245
Cryptovoxels Parcel,234.56565137185723,1.57,0.3,3.27,4,2022-08-31,465.1768773669297,2434.4256582202656,5070.427963299534
NFT Worlds,2784.3985231208394,1.25,0.63,6.2315,8,2022-08-31,976.8714424705526,1938.236989028874,9662.499037706742
Decentraland LAND,572.80303998999,2.25,1.75,9.778,5,2022-08-31,2713.531784640424,3488.826580251973,15161.665022979463
Sandbox's LANDs,4219.307914722592,4.44,0.9,99.9941,83,2022-08-31,1395.5306321007893,6884.617785030561,155049.81064372172
NFT Worlds,2778.167023120839,0.95,0.6221,3.1571,4,2022-08-30,947.0219322142368,1446.1836290042197,4806.048773820234
Cryptovoxels Parcel,231.29565137185725,0.3499,0.3499,0.3499,1,2022-08-30,532.6522650406068,532.6522650406068,1000.0
Somnium Space Land,131.37499789,3.3,3.3,3.3,1,2022-08-30,5023.585237593606,5023.585237593606,5023.585237593606
Decentraland LAND,563.02503998999,1.899,1.15,3.049,2,2022-08-30,1750.643340373529,2890.844959451593,4641.488299825122
Sandbox's LANDs,4119.313814722592,1.88,1.2,10.987,8,2022-08-30,1826.7582682158568,2861.9212868715085,16725.494244073016
Sandbox's LANDs,4108.326814722592,5.99,0.924,20.75050001,11,2022-08-29,1436.8520385962931,9314.657696095015,32267.747014351626
Cryptovoxels Parcel,230.94575137185723,1.0,0.75,2.57,3,2022-08-29,1166.276005354134,1555.034673805512,3996.4391116801658
NFT Worlds,2775.009923120839,1.2,0.6967,5.3667,6,2022-08-29,1083.3926572403002,1866.0416085666145,8345.40458391204
Decentraland LAND,559.97603998999,2.5,1.35,5.77,3,2022-08-29,2099.2968096374416,3887.58668451378,8972.550067857805
Sandbox's LANDs,4087.576314712592,2.0,1.1089,26.01649375,17,2022-08-28,1586.9148185742645,2862.1423366836766,37231.45410697063
Decentraland LAND,554.20603998999,1.85,1.6,10.378,6,2022-08-28,2289.713869346941,2647.481661432401,14851.656585051598
NFT Worlds,2769.643223120839,1.4,0.84,7.54,7,2022-08-28,1202.099781407144,2003.4996356785732,10790.276609297462
NFT Worlds,2762.103223120839,1.08,0.6126,12.2714,13,2022-08-27,915.1858412792316,1613.4520218438952,18332.699204495533
Cryptovoxels Parcel,228.37575137185723,0.97,0.65,3.22,4,2022-08-27,971.0590872208628,1449.11894554498,4810.477324386428
Decentraland LAND,543.82803998999,1.749,1.749,1.749,1,2022-08-27,2612.8959131527527,2612.8959131527527,2612.8959131527527
Sandbox's LANDs,4061.559820962592,1.88,1.24,35.2589998,21,2022-08-27,1852.4819510059535,2808.601667654188,52674.72640324397
Sandbox's LANDs,4026.300821162592,1.8,0.8,26.621,20,2022-08-26,1203.3569976117406,2707.5532446264165,40043.20829177768
NFT Worlds,2749.831823120839,0.9875,0.568,14.983399,20,2022-08-26,854.3834683043357,1485.3937939269922,22537.972543323445
Cryptovoxels Parcel,225.15575137185724,0.6,0.3,1.964159,5,2022-08-26,451.2588741044027,902.5177482088054,2954.4805963400986
Decentraland LAND,542.07903998999,2.5,1.15,4.95384,3,2022-08-26,1729.8256840668769,3760.490617536689,7451.54753631118
NFT Worlds,2734.8484241208394,1.3,0.619,6.6379,9,2022-08-25,1048.2184868728625,2201.4281630609385,11240.66154121708
Sandbox's LANDs,3999.679821162592,1.81,1.3,17.43994,12,2022-08-25,2201.4281630609385,3065.065365492537,29532.90390622537
Decentraland LAND,537.12519998999,1.93,1.93,1.93,1,2022-08-25,3268.2741190058546,3268.2741190058546,3268.2741190058546
Decentraland LAND,535.19519998999,1.944,1.15,7.04404999999,4,2022-08-24,1907.887673153195,3225.1596840085317,11686.309707874509
Sandbox's LANDs,3982.239881162592,2.2097777777777776,1.25,87.41,47,2022-08-24,2073.79094907956,3666.093724026159,145016.05348723545
NFT Worlds,2728.210524120839,1.44,0.4883,17.2953,25,2022-08-24,810.1056963484393,2389.007173339653,28693.46928129257
Somnium Space Land,128.07499789,1.2,1.2,2.4,2,2022-08-24,1990.8393111163773,1990.8393111163773,3981.6786222327546
Cryptovoxels Parcel,223.19159237185724,1.36,0.3999,2.1899,3,2022-08-24,663.4472004295328,2256.2845525985613,3633.115839511463
Sandbox's LANDs,3894.829881162592,1.89,1.19,32.5115,24,2022-08-23,1981.1653417357415,3146.5567192273547,54126.60252759796
Decentraland LAND,528.15114999,1.65,1.65,1.65,1,2022-08-23,2746.99396123023,2746.99396123023,2746.99396123023
NFT Worlds,2710.9152241208394,0.94,0.4362,10.2121,16,2022-08-23,726.2053126597737,1564.9541354887372,17001.561837260142
Cryptovoxels Parcel,221.00169237185725,0.6,0.266,4.946,12,2022-08-23,442.8487234468129,998.906894992811,8234.322504390739
NFT Worlds,2700.703124120839,0.65,0.55,7.185,12,2022-08-22,892.8373743783945,1055.1714424471936,11663.702790743208
Decentraland LAND,526.50114999,1.99,1.5,6.72,4,2022-08-22,2435.011021031985,3230.4479545691,10908.849374223291
Sandbox's LANDs,3862.318381162592,1.75,1.0501,44.1780998,33,2022-08-22,1704.6700487904584,2840.8461912039825,71716.10660083395
Somnium Space Land,125.67499789,4.2,0.65,7.85,3,2022-08-22,1055.1714424471936,6818.030858889559,12743.22434340072
Cryptovoxels Parcel,216.05569237185725,1.5,0.24,2.759,4,2022-08-22,389.6017633651176,2435.011021031985,4478.796938018164
Sandbox's LANDs,3818.140281362592,2.24,1.0,21.621,15,2022-08-21,1621.251541897395,3631.603453850165,35053.07958736358
Decentraland LAND,519.78114999,2.2,1.55,7.64,4,2022-08-21,2512.9398899409625,3566.7533921742697,12386.361780096098
NFT Worlds,2693.5181241208393,0.62,0.4701,5.1813,7,2022-08-21,762.1503498459655,1005.1759559763848,8400.190614032974
Cryptovoxels Parcel,213.29669237185723,2.99,0.4,3.8516,3,2022-08-21,648.5006167589581,4847.542110273212,6244.412438772007
NFT Worlds,2688.336824120839,0.88,0.6188,4.3028,6,2022-08-20,974.6176293832956,1386.0108498017132,6776.96305059865
Sandbox's LANDs,3796.519281362592,1.88,1.2,23.6849988,17,2022-08-20,1890.0147951841543,2961.0231791218416,37304.16512993245
Cryptovoxels Parcel,209.44509237185724,2.0,0.32,5.02,6,2022-08-20,504.0039453824412,3150.0246586402573,7906.561893187045
Decentraland LAND,512.14114999,1.6,1.5,3.1,2,2022-08-20,2362.518493980193,2520.019726912206,4882.538220892399
Sandbox's LANDs,3772.834282562592,2.333333333333333,1.16,183.590299,97,2022-08-19,1865.490577556617,3752.423575544919,200000.0
Decentraland LAND,509.04114999,1.85,1.85,1.85,1,2022-08-19,2975.135834896329,2975.135834896329,2975.135834896329
Cryptovoxels Parcel,204.42509237185723,0.42,0.2556,1.455,3,2022-08-19,411.0511996754063,675.4362435980854,2339.904129607653
NFT Worlds,2684.034024120839,1.1,0.5101,11.0965,15,2022-08-19,820.3333996651986,1768.9996856140335,17845.18637401466
Sandbox's LANDs,3589.2439835625923,2.7,1.21,29.70499,18,2022-08-18,2237.532009512013,4992.840021225154,54930.46774151591
Decentraland LAND,507.19114999,3.6,1.9,12.4,4,2022-08-18,3513.480014936219,6657.1200283002045,22930.080097478483
NFT Worlds,2672.937524120839,1.0,0.506,14.7741,20,2022-08-18,935.695203977751,1849.200007861168,27320.265836141683
Cryptovoxels Parcel,202.97009237185725,1.2,0.34,1.92,3,2022-08-18,628.7280026727972,2219.0400094334013,3550.4640150934424
Decentraland LAND,494.79114999,1.698,1.4,3.098,2,2022-08-17,2565.3082048711467,3111.352379908005,5676.660584779152
Somnium Space Land,117.82499789,3.49999999,3.49999999,3.49999999,1,2022-08-17,6413.2704938542365,6413.2704938542365,6413.2704938542365
Sandbox's LANDs,3559.5389935625926,1.8,1.1302,43.68424999,33,2022-08-17,2070.936666532408,3298.253406262903,80045.40351642093
NFT Worlds,2658.1634241208394,1.0,0.62,6.964,9,2022-08-17,1136.0650621572222,1832.3630034793905,12760.575956230476
Cryptovoxels Parcel,201.05009237185723,0.5,0.3,1.428,4,2022-08-17,549.7089010438171,916.1815017396952,2616.6143689685696
Somnium Space Land,114.3249979,1.5,1.5,3.0,2,2022-08-16,2812.6194196892184,2812.6194196892184,5625.238839378437
Cryptovoxels Parcel,199.62209237185724,2.95,0.314,3.264,2,2022-08-16,588.7749985216097,5531.48485872213,6120.259857243739
Decentraland LAND,491.69314999,1.75,1.2,6.319,3,2022-08-16,2250.095535751375,3281.389322970755,11848.628075344115
Sandbox's LANDs,3515.8547435725923,2.03,1.2,42.8769,30,2022-08-16,2250.095535751375,3806.411614646075,80397.60106404843
NFT Worlds,2651.199424120839,1.0,0.743,6.777,8,2022-08-16,1393.184152552726,1875.0796131261457,12707.41453815589
Sandbox's LANDs,3472.9778435725925,1.8,1.1101,20.3581999999999,15,2022-08-15,2105.71502123227,3414.3654069165714,38616.85212616034
Decentraland LAND,485.37414999,1.83,1.43004999,4.86004999,3,2022-08-15,2712.618453342994,3471.271497031848,9218.881423189572
NFT Worlds,2644.4224241208394,1.25,0.5201,11.858,12,2022-08-15,986.5619156318382,2371.087088136508,22493.08055289817
Somnium Space Land,111.3249979,2.0,1.05,5.05,3,2022-08-14,2032.125369045288,3870.7149886576913,9773.55534636067
Sandbox's LANDs,3452.6196435725924,1.8,1.1,17.87,13,2022-08-14,2128.8932437617304,3483.643489791922,34584.838423656474
Decentraland LAND,480.5141,1.89849,1.44,6.67849,3,2022-08-14,2786.914791833537,3674.25684940837,12925.265672300253
Cryptovoxels Parcel,196.35809237185725,0.44,0.2932,1.5682,4,2022-08-14,567.4468173372176,851.5572975046921,3035.027622606496
NFT Worlds,2632.5644241208392,0.95,0.59,11.1048,15,2022-08-14,1141.860921654019,1838.5896196124036,21491.757903022964
Sandbox's LANDs,3434.7496435725925,2.4,0.7,39.07719899,23,2022-08-13,1386.679258671053,4754.328886872182,77410.77332342061
Decentraland LAND,473.83561,2.2,1.6,3.8,2,2022-08-13,3169.5525912481216,4358.134812966167,7527.687404214288
Cryptovoxels Parcel,194.78989237185723,2.49,1.0,5.48,3,2022-08-13,1980.970369530076,4932.616220129889,10855.717625024818
NFT Worlds,2621.459624120839,0.69,0.6479,2.6975,3,2022-08-13,1283.4707024185363,1366.8695549757522,5343.667571807379
Somnium Space Land,106.2749979,1.1,1.0,3.1,2,2022-08-13,1980.970369530076,2179.067406483084,6141.008145543236
Sandbox's LANDs,3395.6724445825926,2.125,1.0101,94.36644,53,2022-08-12,1981.06103108258,4167.661311801289,185076.4052331377
Somnium Space Land,103.1749979,1.395,1.395,1.395,1,2022-08-12,2735.94707292367,2735.94707292367,2735.94707292367
Decentraland LAND,470.03561,1.83,1.76,7.2,4,2022-08-12,3451.80419236248,3589.091859104169,14121.017150573782
NFT Worlds,2618.7621241208394,0.8489,0.6481,6.9838,9,2022-08-12,1271.0876687898428,1664.9071471002892,13696.994385580165
Cryptovoxels Parcel,189.30989237185725,0.7,0.36888888899,3.48758888899,7,2022-08-12,723.4842122338747,1372.876667416895,6840.042016052548
Sandbox's LANDs,3301.3060045825923,3.25,1.3,34.505,16,2022-08-11,2441.6757659816394,6104.1894149540985,64807.70946553574
Decentraland LAND,462.83561,2.5,1.85,6.35,3,2022-08-11,3474.6924362046407,4695.53031919546,11926.647010756467
Somnium Space Land,101.7799979,1.1,1.1,1.1,1,2022-08-11,2066.0333404460025,2066.0333404460025,2066.0333404460025
Cryptovoxels Parcel,185.82230348286723,0.588,0.4616,2.0996,3,2022-08-11,866.9827181362498,1104.388731074772,3943.494183273116
NFT Worlds,2611.778324120839,1.0,0.6886,16.7089,18,2022-08-11,1293.3368711191974,1878.212127678184,31382.85862016201
NFT Worlds,2595.0694241208394,1.35,0.7602000001,21.4527000001,22,2022-08-10,1407.176347071025,2498.931949876336,39710.24995656442
Somnium Space Land,100.6799979,2.5,2.11,4.61,2,2022-08-10,3905.738084621533,4627.651759030252,8533.389843651785
Decentraland LAND,456.48561,1.8,1.8,1.8,1,2022-08-10,3331.909266501781,3331.909266501781,3331.909266501781
Cryptovoxels Parcel,183.72270348286725,0.699,0.31,2.6437,6,2022-08-10,573.8288181197512,1293.8914318248585,4893.64918213931
Sandbox's LANDs,3266.801004582592,2.32,1.45,40.453,21,2022-08-10,2684.038020237546,4294.460832380073,74880.95864322032
Decentraland LAND,454.68561,1.9,1.9,1.9,1,2022-08-09,3239.2945095432733,3239.2945095432733,3239.2945095432733
Sandbox's LANDs,3226.3480045825922,2.2,1.2,33.44599999,19,2022-08-09,2045.8702165536463,3750.7620636816855,57021.81270199546
NFT Worlds,2573.616724120739,1.75,0.761,14.9469,16,2022-08-09,1297.4226956644377,2983.560732474068,25482.84794983808
Somnium Space Land,96.06999790000002,2.0,1.79,3.79,2,2022-08-09,3051.756406359189,3409.783694256077,6461.540100615267
Cryptovoxels Parcel,181.07900348286725,0.42,0.2564,2.783050000000001,7,2022-08-09,437.1342696036292,716.0545757937763,4744.79925514969
Sandbox's LANDs,3192.902004592592,3.65,0.5,27.236193550925925,15,2022-08-08,886.6467304563718,6472.521132331513,48297.76392401078
Somnium Space Land,92.27999790000001,1.5,1.2,2.7,2,2022-08-08,2127.952153095292,2659.9401913691154,4787.892344464408
NFT Worlds,2558.669824120739,1.0996,0.8,12.5647,13,2022-08-08,1418.634768730195,1949.9134896196529,22280.90034833035
Decentraland LAND,452.78561,3.1,1.68,11.63,5,2022-08-08,2979.133014333409,5497.209728829505,20623.40295041521
Cryptovoxels Parcel,178.29595348286725,0.65,0.2763,3.2021,9,2022-08-08,489.960983250191,1152.640749593283,5678.262991188696
Sandbox's LANDs,3165.6658110416665,2.25,1.32,36.2489989,21,2022-08-07,2241.8616252665133,3821.35504306792,61564.57544563488
Decentraland LAND,441.15561,2.7,1.966,6.766,3,2022-08-07,3339.015117631792,4585.626051681505,11491.239209510022
NFT Worlds,2546.105124120739,2.29,0.8501,15.88069,13,2022-08-07,1443.7928542720174,3889.290243833572,26971.44658617702
Cryptovoxels Parcel,175.09385348286725,0.438,0.3005,1.0465,2,2022-08-07,510.36319575196,743.8904483838885,1777.354690031368
NFT Worlds,2530.2244341207393,1.8,0.8269,12.8059,12,2022-08-06,1399.7050800545996,3046.884924535348,21676.72425283734
Sandbox's LANDs,3129.4168121416665,3.0,1.2,40.92994999,24,2022-08-06,2031.2566163568983,5078.141540892247,69282.69310362039
Decentraland LAND,434.38961,1.52121,1.2,2.72121,2,2022-08-06,2031.2566163568983,2574.9732311402317,4606.22984749713
Cryptovoxels Parcel,174.04735348286724,1.5,0.3,4.638,8,2022-08-06,507.81415408922464,2539.070770446124,7850.806822219413
Decentraland LAND,431.6684,1.89,1.7052,3.5952,2,2022-08-05,2959.4104110729754,3280.134692075957,6239.545103148933
Cryptovoxels Parcel,169.40935348286723,1.1,0.2793,2.7693,3,2022-08-05,484.7310156067804,1909.0731012082292,4806.178308341772
NFT Worlds,2517.4185341207394,2.22,0.85,33.9388,32,2022-08-05,1475.1928509336317,3852.8566224384263,58901.50015207805
Sandbox's LANDs,3088.486862151666,2.59,1.55,18.698,10,2022-08-05,2690.057551702505,4494.999392844831,32450.7716785377
Somnium Space Land,89.5799979,3.0,3.0,3.0,1,2022-08-05,5206.563003295171,5206.563003295171,5206.563003295171
Sandbox's LANDs,3069.7888621516663,2.25,1.2389,34.0479898,19,2022-08-04,1991.706882464833,3617.1930628346713,54736.95667023363
Decentraland LAND,428.0732,3.3,1.66,16.9,7,2022-08-04,2668.6846596913574,5305.216492157518,27169.13900529153
NFT Worlds,2483.479734120739,1.7,0.722,41.99024,38,2022-08-04,1160.7170628296146,2732.990314141752,67505.24659322797
Somnium Space Land,86.5799979,1.45,0.9,2.35,1,2022-08-04,1446.8772251338687,2331.0799738267883,3777.957198960657
Cryptovoxels Parcel,166.64005348286724,1.65,0.5,5.73,5,2022-08-04,803.820680629927,2652.608246078759,9211.785000018965
Somnium Space Land,84.2299979,1.0,1.0,1.0,1,2022-08-03,1617.093220889672,1617.093220889672,1617.093220889672
Decentraland LAND,411.1732,2.17,2.17,2.17,1,2022-08-03,3509.0922893305883,3509.0922893305883,3509.0922893305883
NFT Worlds,2441.489494120739,1.69,0.88,11.27,10,2022-08-03,1423.0420343829114,2732.887543303545,18224.6405994266
Cryptovoxels Parcel,160.91005348286723,1.2,0.3351,5.2596,6,2022-08-03,541.8879383201291,1940.5118650676063,8505.26350459132
Sandbox's LANDs,3035.7408723516664,2.5,1.027,21.217258991,12,2022-08-03,1660.754737853693,4042.73305222418,34310.28568020654
Sandbox's LANDs,3014.5236133606663,2.0,0.6607,24.33669999,14,2022-08-02,1079.3934161490697,3267.4236904769778,39759.15504767841
NFT Worlds,2430.219494120739,2.45,0.8138,21.5228,16,2022-08-02,1329.5146996550825,4002.594020834298,35162.05330269895
Cryptovoxels Parcel,155.65045348286725,12.5,0.3326,19.0594,11,2022-08-02,543.3725597263214,20421.39806548111,31137.56754313845
Somnium Space Land,83.2299979,1.5,1.49,2.99,2,2022-08-01,2434.511361985704,2450.850364415138,4885.361726400843
Decentraland LAND,409.0032,3.0,1.3,12.69,6,2022-08-01,2124.070315826453,4901.700728830276,20734.194082952068
Sandbox's LANDs,2990.1869133706664,2.1999999,1.4,20.1739999,11,2022-08-01,2287.4603401207955,3594.580371085511,32962.30333775064
NFT Worlds,2408.6966941207393,1.85,1.0,7.522,6,2022-08-01,1633.9002429434254,3022.715449445337,12290.197627420446
Cryptovoxels Parcel,136.59105348286724,1.0,0.339,6.618,11,2022-08-01,553.8921823578213,1633.9002429434254,10813.15180779959
Somnium Space Land,80.2399979,1.9,1.9,1.9,1,2022-07-31,3199.413439986928,3199.413439986928,3199.413439986928
NFT Worlds,2401.1746941207393,1.75,0.9816000000000004,20.5267,15,2022-07-31,1652.9180172058789,2946.828168409013,34564.94729398931
Cryptovoxels Parcel,129.97305348286724,0.6,0.4,1.0,2,2022-07-31,673.5607242077745,1010.3410863116616,1683.901810519436
Decentraland LAND,396.3132,1.65,1.65,1.65,1,2022-07-31,2778.437987357069,2778.437987357069,2778.437987357069
Sandbox's LANDs,2970.0129134706663,3.0,1.3201,34.0231,19,2022-07-31,2222.9187800667078,5051.705431558308,57291.559689483816
Decentraland LAND,394.6632,2.088,1.84,3.928,2,2022-07-30,3116.1704902694805,3536.1760780884106,6652.346568357891
NFT Worlds,2380.647994120739,2.9,1.29,19.888,13,2022-07-30,2184.7064850258857,4911.355664011681,33681.73842960839
Sandbox's LANDs,2935.9898134706664,2.09,1.38,30.041,18,2022-07-30,2337.12786770211,3539.56321992566,50876.56396640515
Cryptovoxels Parcel,128.97305348286724,0.7,0.351,1.739,3,2022-07-30,594.4433924372759,1185.4996430373023,2945.119827488384
Sandbox's LANDs,20295.85713324189,0.0,8.0,100.0,36,2022-07-30,10000.0,0.0,169357.09186247177
Cryptovoxels Parcel,127.23405348286724,0.5,0.33,2.08,5,2022-07-29,569.3749397662423,862.6893026761246,3588.7874991326785
Decentraland LAND,390.7352,1.984,1.88,3.864,2,2022-07-29,3243.7117780622284,3423.1511530188623,6666.862931081091
Sandbox's LANDs,2905.948813470666,4.9,0.968,35.02299,17,2022-07-29,1670.1664899809773,8454.355166226022,60427.91764146577
NFT Worlds,2360.759994120739,2.99,1.2,19.276,12,2022-07-29,2070.454326422699,5158.882030003226,33258.39799676996
Somnium Space Land,78.3399979,2.1,2.1,2.1,1,2022-07-29,3623.295071239724,3623.295071239724,3623.295071239724
NFT Worlds,2341.483994120739,2.4,1.099199999999999,20.0942,14,2022-07-28,1896.3595859534407,4140.523113435464,34666.874810831214
Somnium Space Land,76.2399979,3.5,1.45,6.9,3,2022-07-28,2501.566047700593,6038.262873760053,11904.00395112696
Cryptovoxels Parcel,125.15405348286724,0.5,0.34,2.547,6,2022-07-28,586.5741077366908,862.6089819657218,4394.130154133387
Sandbox's LANDs,2870.9258234706663,2.99,1.0001,53.4571,25,2022-07-28,1725.390485727837,5158.401712155017,92225.14921967956
Decentraland LAND,386.8712,3.0,2.05,7.3,3,2022-07-28,3536.696826059459,5175.653891794331,12594.09113669954
Cryptovoxels Parcel,122.60705348286724,1.5141,0.2716,4.3777,7,2022-07-27,444.7326840184174,2479.2700915768987,7168.285238687135
Sandbox's LANDs,2817.468723470666,2.35,1.5,36.638,20,2022-07-27,2456.1819809559133,3848.018436830931,59993.06361217517
Decentraland LAND,379.5712,3.0,1.84,24.515,12,2022-07-27,3012.9165633059206,4912.363961911827,40142.20084208948
NFT Worlds,2321.389794120739,1.898,1.237,15.305,11,2022-07-27,2025.5314069616436,3107.8889332362155,25061.24347902017
Somnium Space Land,69.3399979,1.45,1.45,1.45,1,2022-07-26,2099.962455571679,2099.962455571679,2099.962455571679
Decentraland LAND,355.0562,2.0,2.0,2.0,1,2022-07-26,2896.4999387195576,2896.4999387195576,2896.4999387195576
NFT Worlds,2306.0847941207394,3.75,1.1599,50.0669,32,2022-07-26,1679.8251394604074,5430.937385099171,72509.38639093911
Sandbox's LANDs,2780.8307234706663,2.1,0.022,13.0621,8,2022-07-26,120.0,3041.324935655536,18917.185924774367
Cryptovoxels Parcel,118.22935348286724,0.4784,0.4784,0.4784,1,2022-07-25,688.1510849369971,688.1510849369971,1000.0
NFT Worlds,2256.017894120739,2.85,1.2,80.3078,53,2022-07-25,1726.1314839556785,4099.562274394737,115518.18498934653
Decentraland LAND,353.0562,1.4,1.4,1.4,1,2022-07-25,2013.820064614958,2013.820064614958,2013.820064614958
Sandbox's LANDs,2767.7686234706666,3.5,1.0,30.7201,16,2022-07-25,1438.4429032963988,5034.550161537396,44189.109833555696
NFT Worlds,2175.710094120739,3.49,1.217,50.2625,29,2022-07-24,1945.027298831512,5577.769328612964,80330.26672762439
Decentraland LAND,351.6562,2.9,2.9,2.9,1,2022-07-24,4634.822651282978,4634.822651282978,4634.822651282978
Sandbox's LANDs,2737.0485234706666,3.49,1.0,52.9919,28,2022-07-24,1598.214707338958,5577.769328612964,84692.43394983534
Somnium Space Land,67.8899979,3.0,1.25,4.25,2,2022-07-24,1997.7683841736973,4794.6441220168745,6792.412506190572
Cryptovoxels Parcel,117.75095348286725,1.0,0.686,2.686,3,2022-07-24,1096.375289234525,1598.214707338958,4292.804703912441
Cryptovoxels Parcel,115.06495348286724,0.6936,0.6936,0.6936,1,2022-07-23,1075.264000150736,1075.264000150736,1075.264000150736
Decentraland LAND,348.7562,2.14,1.85,5.84,3,2022-07-23,2867.9907731817502,3317.5677051940243,9053.549251557524
NFT Worlds,2125.4475941207393,2.7,1.42,76.1198375,42,2022-07-23,2201.3767015773437,4185.716263562555,118005.94140869955
Somnium Space Land,63.6399979,1.3499999,1.3499999,1.3499999,1,2022-07-23,2092.8579767547485,2092.8579767547485,2092.8579767547485
Sandbox's LANDs,2684.056623470666,3.88,1.0,29.55,14,2022-07-23,1550.265282800946,6015.02929726767,45810.33910676796
Decentraland LAND,342.9162,2.24,2.1,4.34,2,2022-07-22,3224.9843389550792,3439.983294885418,6664.967633840497
Cryptovoxels Parcel,114.37135348286724,2.5,0.07,7.2516,6,2022-07-22,120.0,3839.267070184618,11136.33163446031
Sandbox's LANDs,2654.5066234706665,3.3,1.7,51.456,23,2022-07-22,2610.7016077255403,5067.832532643695,79021.33054536789
NFT Worlds,2049.3277566207394,3.0,1.0,360.8456,195,2022-07-22,1535.7068280738472,4607.120484221541,200000.0
NFT Worlds,1688.4821566207393,2.98,0.8,203.17047,164,2022-07-21,1259.8600667838575,4692.9787487698695,200000.0
Somnium Space Land,62.289998,1.6,1.35,4.43,3,2022-07-21,2126.01386269776,2519.7201335677155,6976.475119815611
Sandbox's LANDs,2603.0506234706663,7.77,1.88,32.85,12,2022-07-21,2960.6711569420654,12236.390898638218,51733.00399231216
Cryptovoxels Parcel,107.11975348286724,1.0,0.542,3.316,5,2022-07-21,853.5551952460636,1574.825083479822,5222.11997681909
Sandbox's LANDs,2570.2006234706664,9.0,1.1,103.9789,45,2022-07-20,1673.5157401407466,13692.401510242473,158191.20526592786
Somnium Space Land,57.859998,3.5,0.8,5.55,3,2022-07-20,1217.1023564659974,5324.8228095387385,8443.647597982857
Decentraland LAND,338.5762,3.65,1.9,5.55,2,2022-07-20,2890.618096606744,5553.029501376113,8443.647597982857
NFT Worlds,1485.3116866207392,4.0,0.46,574.2775166207391,403,2022-07-20,699.8338549679486,6085.511782329987,200000.0
Cryptovoxels Parcel,103.80375348286724,1.0,0.532,10.305,14,2022-07-20,809.3730670498883,1521.3779455824967,15677.799729227629
Sandbox's LANDs,2466.2217234706663,3.0,1.1122,102.5654,45,2022-07-19,1712.6451169982045,4619.61459359343,157937.53954591588
Decentraland LAND,333.0262,4.0,1.89,11.17,4,2022-07-19,2910.357193963861,6159.48612479124,17200.36500347954
NFT Worlds,911.03417,3.89,2.71815,46.32815,13,2022-07-19,4185.601802525328,5990.100256359481,71339.39927806183
Cryptovoxels Parcel,93.49875348286723,0.779241691412542,0.56,4.021245904881845,6,2022-07-19,862.3280574707737,1199.9320965286024,6192.2020888733305
Sandbox's LANDs,20195.85713324189,3.5,3.5,3.5,1,2022-07-19,5389.550359192335,5389.550359192335,5389.550359192335
Sandbox's LANDs,20192.35713324189,3.9,3.9,3.9,1,2022-07-18,6183.267321286216,6183.267321286216,6183.267321286216
NFT Worlds,864.70602,5.5,2.8196,27.88632,7,2022-07-18,4470.343727974004,8719.992376172868,44212.454145366726
Cryptovoxels Parcel,89.4775075779854,2.0,0.8,4.8327148349502895,4,2022-07-18,1268.3625274433264,3170.906318608316,7662.043003088009
Somnium Space Land,52.309998,1.0,1.0,1.0,1,2022-07-18,1585.453159304158,1585.453159304158,1585.453159304158
Sandbox's LANDs,2363.6563234706664,2.71,1.2638,43.38343,20,2022-07-18,2003.6957027285948,4296.578061714268,68782.39615495078
Cryptovoxels Parcel,84.6447927430351,2.0,2.0,2.0,1,2022-07-17,2679.7020560891183,2679.7020560891183,2679.7020560891183
Sandbox's LANDs,2320.2728934706665,2.8,1.95,61.271,27,2022-07-17,2612.7095046868903,3751.582878524765,82094.01233931819
NFT Worlds,836.8197,4.0,3.1001,18.2601,5,2022-07-17,4153.672172040938,5359.404112178237,24465.81375719645
Decentraland LAND,321.8562,4.25,1.88,8.13,3,2022-07-16,2547.281494296859,5758.482101468963,11015.637525868864
Sandbox's LANDs,2259.0018934706663,2.5,1.6001,98.344399,44,2022-07-16,2168.0346377789383,3387.342412628802,133250.46151087582
Cryptovoxels Parcel,82.6447927430351,2.7,2.7,2.7,1,2022-07-16,3658.3298056391054,3658.3298056391054,3658.3298056391054
NFT Worlds,818.5596,5.3,3.45,31.79,8,2022-07-16,4674.532529427746,7181.16591477306,43073.44611898784
Decentraland LAND,313.7262,2.5285,2.11,7.167,3,2022-07-15,2600.6983634352623,3116.5240814910244,8833.74652641731
Cryptovoxels Parcel,79.94479274303511,0.9,0.8296198035109165,1.7296198035109165,2,2022-07-15,1022.554912447547,1109.3026194747565,2131.857531922304
Somnium Space Land,51.309998,3.0,1.729999,4.729999,2,2022-07-15,2132.3249137652324,3697.675398249188,5830.000312014421
Sandbox's LANDs,2160.6574944706663,2.51,1.2,76.3929996,34,2022-07-15,1479.0701592996752,3093.721749868487,94158.83840646002
Sandbox's LANDs,20188.457133241893,2.2,2.2,2.2,1,2022-07-15,2711.6286253827384,2711.6286253827384,2711.6286253827384
NFT Worlds,786.7696,3.85,3.69,11.29,3,2022-07-15,4548.140739846502,4745.350094419791,13915.585082077778
Somnium Space Land,46.579999,2.99,1.2,6.19,3,2022-07-14,1430.7175522909731,3564.8712344583423,7380.118040567605
Sandbox's LANDs,2084.2644948706666,4.69,1.92,82.8489988,36,2022-07-14,2289.1480836655574,5591.721100203888,98777.93064407817
Sandbox's LANDs,20186.257133241892,5.0,5.0,5.0,1,2022-07-14,5961.3231345457225,5961.3231345457225,5961.3231345457225
Somnium Space Land,542.5922355616233,3.99,2.0,5.99,2,2022-07-14,2384.529253818289,4757.135861367487,7141.665115185776
Cryptovoxels Parcel,78.2151729395242,1.4,1.25,2.65,2,2022-07-14,1490.3307836364306,1669.1704776728022,3159.5012613092326
Decentraland LAND,306.5592,2.8,2.26,7.5,3,2022-07-14,2694.518056814666,3338.3409553456045,8941.984701818583
NFT Worlds,775.4796,4.69,4.69,4.69,1,2022-07-14,5591.721100203888,5591.721100203888,5591.721100203888
NFT Worlds,770.7896,3.72,3.251,17.421,5,2022-07-13,3623.270410253204,4145.975369468446,19415.870137502632
Sandbox's LANDs,20181.257133241892,2.5,2.5,2.5,1,2022-07-13,2786.2737698040632,2786.2737698040632,2786.2737698040632
Sandbox's LANDs,2001.4154960706664,6.66,0.09,109.12919999,47,2022-07-13,120.0,7422.633322758024,121625.53098073554
Cryptovoxels Parcel,75.56517293952419,0.651,0.651,0.651,1,2022-07-13,725.5456896569781,725.5456896569781,1000.0
Somnium Space Land,40.389999,2.98,1.15,4.13,2,2022-07-13,1281.685934109869,3321.238333606444,4602.924267716312
Decentraland LAND,299.0592,2.344,2.344,2.344,1,2022-07-13,2612.4102865682894,2612.4102865682894,2612.4102865682894
NFT Worlds,753.3686,4.0,3.26,18.39,5,2022-07-12,3383.8762936202,4151.995452294725,19088.799091925
Cryptovoxels Parcel,74.91417293952419,0.712546553808948,0.712546553808948,0.712546553808948,1,2022-07-12,739.6225127407577,739.6225127407577,1000.0
Decentraland LAND,296.7152,3.55,2.99,6.54,2,2022-07-12,3103.616600590307,3684.895963911568,6788.512564501875
Somnium Space Land,36.259999,1.479999,1.15,2.629999,2,2022-07-12,1193.6986925347333,1536.2372793501852,2729.9359718849187
Sandbox's LANDs,1892.2862960806665,3.3,1.8,38.678799,17,2022-07-12,1868.3979535326264,3425.396248143148,40148.54938705544
Decentraland LAND,2336.6791668668648,3.5,3.5,3.5,1,2022-07-11,3841.247777072848,3841.247777072848,3841.247777072848
Somnium Space Land,33.63,1.8,1.8,1.8,1,2022-07-11,1975.4988567803216,1975.4988567803216,1975.4988567803216
Decentraland LAND,290.1752,2.7,2.258,7.325,3,2022-07-11,2478.1535658944254,2963.248285170482,8039.182847731031
NFT Worlds,734.9786,4.2,3.1,31.86,9,2022-07-11,3402.248031121665,4609.497332487417,34966.32976501169
Somnium Space Land,536.6022355616233,4.5,4.5,4.5,1,2022-07-11,4938.747141950804,4938.747141950804,4938.747141950804
Sandbox's LANDs,1853.6074970806665,2.55,1.8401,54.7228,25,2022-07-11,2019.508581311928,2798.6233804387884,60058.23824434343
Cryptovoxels Parcel,74.20162638571523,1.5,0.839,2.339,2,2022-07-10,978.5838001063316,1749.5538738492223,2728.137673955554
NFT Worlds,703.1186,3.24,3.2,6.44,2,2022-07-10,3732.381597545008,3779.03636751432,7511.417965059328
Decentraland LAND,282.8502,3.19,2.325,5.515,2,2022-07-10,2711.808504466295,3720.7179050526793,6432.526409518973
Sandbox's LANDs,1798.8846970806667,8.8,1.6505,45.1445,18,2022-07-10,1925.092445858761,10264.049393248772,52655.15657199081
NFT Worlds,696.6786,4.44,2.75,24.68,6,2022-07-09,3348.011560335409,5405.51684650517,30046.881930573774
Cryptovoxels Parcel,71.86262638571525,1.4,0.705,2.105,2,2022-07-09,858.3084181950775,1704.4422488980265,2562.750667093104
Sandbox's LANDs,1753.7401970806666,3.0,1.78,50.08669,21,2022-07-09,2167.07657359892,3652.376247638628,60978.47895961306
Decentraland LAND,277.3352,2.75,2.288,14.788,6,2022-07-09,2785.54561819906,3348.011560335409,18003.77998336001
Sandbox's LANDs,20178.757133241892,2.35,2.35,25.7,11,2022-07-09,2861.028060650259,2861.028060650259,31288.689854770917
Somnium Space Land,31.83,1.79,1.79,1.79,1,2022-07-09,2179.2511610910483,2179.2511610910483,2179.2511610910483
Somnium Space Land,30.04,2.97,1.19,8.16,4,2022-07-08,1446.8432355939535,3611.0289157260863,9921.210758358538
Cryptovoxels Parcel,69.75762638571524,0.859,0.859,0.859,1,2022-07-08,1044.4019658615175,1044.4019658615175,1044.4019658615175
Decentraland LAND,262.5472,5.5,2.266,13.316,4,2022-07-08,2755.08132088731,6687.090584677937,16190.054222831166
NFT Worlds,671.9986,3.5,3.19,9.93,3,2022-07-08,3878.5125391132033,4255.421281158687,12073.238091973077
Sandbox's LANDs,1703.6535070806667,3.7033333333333327,1.3,134.3087998,51,2022-07-08,1580.5850472875125,4502.640993683143,163297.2928330862
Sandbox's LANDs,20153.05713324189,0.0,8.0,25.0,9,2022-07-08,10000.0,0.0,30395.86629399062
Somnium Space Land,21.88,2.99,1.5,4.49,2,2022-07-07,1858.5283348982305,3704.66648089714,5563.19481579537
Sandbox's LANDs,20128.05713324189,0.0,8.0,16.69,8,2022-07-07,10000.0,0.0,20679.225272967644
Decentraland LAND,249.2312,2.38,2.32,4.7,2,2022-07-07,2874.523824642596,2948.8649580385254,5823.388782681122
Cryptovoxels Parcel,68.89862638571525,1.5,0.88,5.6710926710093625,5,2022-07-07,1090.3366231402952,1858.5283348982305,7026.590945936392
Sandbox's LANDs,1569.3447072806666,2.999,1.3,82.5605,33,2022-07-07,1610.7245569117997,3715.817650906529,102294.01906224358
Cryptovoxels Parcel,1282.3458036421544,1.39,1.39,1.39,1,2022-07-07,1722.2362570056932,1722.2362570056932,1722.2362570056932
Sandbox's LANDs,1486.7842072806666,2.5,1.498,106.487504,47,2022-07-06,1781.255473626819,2972.722753048763,126623.13042246849
Decentraland LAND,244.5312,2.3,2.3,4.6,2,2022-07-06,2734.904932804862,2734.904932804862,5469.809865609724
Cryptovoxels Parcel,1280.9558036421545,1.5,1.5,1.5,1,2022-07-06,1783.6336518292578,1783.6336518292578,1783.6336518292578
Cryptovoxels Parcel,63.22753371470588,2.5,0.711,6.810250094449619,6,2022-07-06,845.4423509670681,2972.722753048763,8097.994163889148
NFT Worlds,662.0686,3.75,3.67,14.85,4,2022-07-06,4363.957001475584,4459.084129573144,17657.97315310965
Cryptovoxels Parcel,56.417283620256256,2.0,0.556,4.0909,4,2022-07-05,630.0099491809124,2266.22283878026,4635.445505583084
NFT Worlds,647.2186,9.99,3.3,24.1344,5,2022-07-05,3739.267683987429,11319.7830797074,27346.96424012916
Sandbox's LANDs,1380.2967032806666,2.9,0.01,65.935,31,2022-07-05,120.0,3286.023116231377,74711.70143748823
Decentraland LAND,239.9312,2.58,2.2,9.33,4,2022-07-05,2492.8451226582865,2923.4274620265355,10571.929542909917
Somnium Space Land,532.1022355616233,2.99,2.99,2.99,1,2022-07-05,3388.0031439764894,3388.0031439764894,3388.0031439764894
Sandbox's LANDs,20111.367133241893,2.7,2.2,9.8,4,2022-07-05,2492.8451226582865,3059.4008323533512,11104.491910023276
Somnium Space Land,17.39,1.19,0.7,2.59,3,2022-07-04,806.6208677076891,1371.2554751030714,2984.4972105184497
Cryptovoxels Parcel,52.32638362025626,1.5,0.75,6.396,6,2022-07-04,864.236643972524,1728.473287945048,7370.210099797685
Sandbox's LANDs,20101.567133241893,4.5,1.95,14.74,5,2022-07-04,2247.0152743285626,5185.4198638351445,16985.13084287334
Sandbox's LANDs,1314.3617032806667,4.9,1.751,70.7078,27,2022-07-04,2017.7044847945197,5646.346073953824,81477.69569957392
NFT Worlds,623.0842,4.15,2.9,11.05,3,2022-07-04,3341.715023360426,4782.1094299813,12733.08655452852
Decentraland LAND,230.6012,2.59,2.5,7.63,3,2022-07-04,2880.788813241747,2984.4972105184497,8792.167458013811
Cryptovoxels Parcel,45.93038362025626,0.8317754683222113,0.6,2.032775468322212,3,2022-07-03,643.7758940734794,892.4616596458644,2181.08640761628
Sandbox's LANDs,20086.82713324189,2.75,2.75,2.75,1,2022-07-03,2950.639514503448,2950.639514503448,2950.639514503448
Sandbox's LANDs,1243.6539032806666,2.6,1.84705,54.18685,23,2022-07-03,1981.8104419140336,2789.695540985078,58140.31300962587
NFT Worlds,612.0342,5.2,2.905,19.81,5,2022-07-03,3116.948287139096,5579.391081970156,21255.334102659377
Decentraland LAND,222.9712,4.2,2.091,19.154,6,2022-07-03,2243.558990846076,4506.431258514356,20551.472458472377
NFT Worlds,592.2242,4.21,3.74,7.95,2,2022-07-02,3995.550789453368,4497.665460855261,8493.21625030863
Cryptovoxels Parcel,43.89760815193405,0.701,0.6005,1.3015,2,2022-07-02,641.531617397526,748.8986907504841,1390.4303081480102
Sandbox's LANDs,1189.4670532806665,3.5,1.8,69.752,32,2022-07-02,1922.992358560444,3739.151808311975,74518.09055239339
Sandbox's LANDs,20084.07713324189,2.88,2.25,7.68,3,2022-07-02,2403.7404482005554,3076.7877736967107,8204.767396524561
Somnium Space Land,529.1122355616233,3.9,3.9,3.9,1,2022-07-02,4166.483443547629,4166.483443547629,4166.483443547629
Decentraland LAND,203.8172,4.4222,2.595,7.0172,2,2022-07-02,2772.313983591307,4724.364893347776,7496.678876939082
Somnium Space Land,14.8,1.0,1.0,1.0,1,2022-07-01,1057.2130883387335,1057.2130883387335,1057.2130883387335
NFT Worlds,584.2742,3.88,3.25,17.86,4,2022-07-01,3435.942537100884,4101.986782754286,18881.82575772978
Decentraland LAND,196.8,4.0,2.032,19.432,6,2022-07-01,2148.2569955043064,4228.852353354934,20543.76473259827
Cryptovoxels Parcel,42.59610815193405,0.68,0.68,0.68,1,2022-07-01,718.9049000703388,718.9049000703388,1000.0
Sandbox's LANDs,20076.39713324189,2.5,2.5,2.5,1,2022-07-01,2643.032720846834,2643.032720846834,2643.032720846834
Sandbox's LANDs,1119.7150532806666,3.49,1.6,78.197,34,2022-07-01,1691.5409413419738,3689.67367830218,82670.89186882395
Sandbox's LANDs,20073.89713324189,1.6,1.6,1.6,1,2022-06-30,1710.2467666214698,1710.2467666214698,1710.2467666214698
Cryptovoxels Parcel,1279.4558036421545,2.65,1.69,4.34,2,2022-06-30,1806.4481472439272,2832.596207216809,4639.044354460736
Cryptovoxels Parcel,41.91610815193405,1.9,0.7013472995976477,6.882375632028664,4,2022-06-30,749.6730946347351,2030.918035362995,7356.600419594634
Sandbox's LANDs,1041.5180532806667,2.9,1.62001,48.891378402777775,24,2022-06-30,1731.6355402465292,3099.822264501413,52260.2011431359
Decentraland LAND,177.368,3.0,2.45,5.45,2,2022-06-30,2618.815361389125,3206.7126874152555,5825.528048804381
NFT Worlds,566.4142,4.15,3.3059,15.5959,4,2022-06-30,3533.6904911086976,4435.952550924437,16670.52346721986
Sandbox's LANDs,992.626674877889,2.89,1.8,65.81189,30,2022-06-29,1973.3720221664407,3168.3584133672307,72150.74580660855
Cryptovoxels Parcel,35.033732519905385,0.743,0.7025650595879273,1.4455650595879272,2,2022-06-29,770.234573523619,814.5641180387032,1584.798691562322
Decentraland LAND,171.918,2.7,2.5,10.49,4,2022-06-29,2740.794475231168,2960.058033249661,11500.373618069982
Cryptovoxels Parcel,1275.1158036421543,2.0,1.55,3.55,2,2022-06-29,1699.2925746433243,2192.6355801849345,3891.9281548282574
NFT Worlds,550.8183,4.32,3.48,11.89,3,2022-06-29,3815.185909521786,4736.092853199459,13035.218524199436
Sandbox's LANDs,20072.297133241893,4.5,2.2,9.3,3,2022-06-29,2411.8991382034283,4933.430055416103,10195.755447859949
Cryptovoxels Parcel,33.58816746031746,5.25,0.75,11.65,3,2022-06-28,854.8459585549731,5983.921709884811,13278.607222887247
Cryptovoxels Parcel,1271.5658036421544,2.98,2.98,5.96,2,2022-06-28,3396.58794199176,3396.58794199176,6793.175883983519
NFT Worlds,538.9283,4.9,4.35,13.645,3,2022-06-28,4958.106559618844,5584.993595892492,15552.497472643478
Decentraland LAND,161.428,4.2,2.01,18.785,5,2022-06-28,2290.987168927328,4787.13736790785,21411.04177527356
Somnium Space Land,13.8,1.0,0.7,4.8,6,2022-06-28,797.8562279846415,1139.7946114066308,5471.014134751827
Sandbox's LANDs,20062.997133241894,2.0,1.99,9.99,5,2022-06-28,2268.1912766991954,2279.5892228132616,11386.548167952242
Sandbox's LANDs,926.814784877889,8.8,1.55164999,120.14543999,53,2022-06-28,1768.5622973911527,10030.192580378352,136941.12508568072
NFT Worlds,525.2833,8.35,3.7,43.16,8,2022-06-27,4409.174863474287,9950.435164867647,51432.42894798654
Cryptovoxels Parcel,21.93816746031746,1.2500674603174604,0.9,2.1500674603174605,2,2022-06-27,1072.50199381807,1489.6664928861856,2562.1684867042554
Decentraland LAND,142.643,2.58,2.473,12.545,5,2022-06-27,2946.9971452356517,3074.5057156118,14949.486124941872
Sandbox's LANDs,20053.007133241892,2.88,2.1,13.78,6,2022-06-27,2502.504652242163,3432.006380217823,16421.197194236665
Sandbox's LANDs,806.669344887889,3.8,1.58,86.055049999,38,2022-06-27,1882.8368335917223,4528.341751676294,102549.1252244902
Decentraland LAND,2333.1791668668648,2.8,2.8,2.8,1,2022-06-27,3336.672869656217,3336.672869656217,3336.672869656217
Cryptovoxels Parcel,19.7881,0.66,0.66,0.66,1,2022-06-26,791.4403086137401,791.4403086137401,1000.0
NFT Worlds,482.1233,6.66,3.475,29.5919,6,2022-06-26,4167.053140049616,7986.352205102286,35485.18555828323
Sandbox's LANDs,720.6142948888889,2.5,1.55,50.10687,24,2022-06-26,1858.685573259541,2997.879956870227,60085.752509800834
Sandbox's LANDs,20039.227133241893,2.22,1.96,19.48,9,2022-06-26,2350.337886186258,2662.117401700762,23359.48062393281
Decentraland LAND,130.098,3.33,1.51,12.386,4,2022-06-26,1810.719493949617,3993.176102551143,14852.696458317852
NFT Worlds,23383.564330845868,4.39,4.39,4.39,1,2022-06-25,5455.0511611569145,5455.0511611569145,5455.0511611569145
NFT Worlds,452.5314,6.9,4.0,60.1669,12,2022-06-25,4970.433859824068,8573.998408196518,74763.89925016218
Sandbox's LANDs,670.5074248888889,3.49,1.21,52.62239,25,2022-06-25,1503.5562425967803,4336.7035426965,65389.02726021687
Sandbox's LANDs,20019.747133241894,2.3,1.989,21.6628,10,2022-06-25,2471.5482367975183,2857.999469398839,26918.37865464921
Cryptovoxels Parcel,19.1281,1.2,0.75,5.0024,5,2022-06-25,931.9563487170128,1491.1301579472204,6216.02458509598
Decentraland LAND,117.712,2.39,1.85,6.54,3,2022-06-25,2298.825660168632,2969.834231244881,8126.659360812352
Decentraland LAND,2330.3791668668646,3.5,3.5,3.5,1,2022-06-24,4291.623092269658,4291.623092269658,4291.623092269658
Decentraland LAND,111.172,2.75,1.98,7.23,3,2022-06-24,2427.8324921982635,3371.989572497588,8865.26713060275
Sandbox's LANDs,19998.08433324189,4.99,2.0,38.158,15,2022-06-24,2452.3560527255186,6118.628351550169,46788.50112995017
Sandbox's LANDs,617.8850348888889,2.8,1.455,56.16555388888889,27,2022-06-24,1784.0890283578149,3433.2984738157256,68868.96801704897
Cryptovoxels Parcel,1265.6058036421543,5.98,0.7132012192924932,9.980744601882993,5,2022-06-24,874.5116634715829,7332.544597649301,12238.169717567653
NFT Worlds,392.3645,6.9,3.1,63.0797,16,2022-06-24,3801.1518817245537,8460.62838190304,77346.94204955496
Decentraland LAND,103.942,4.0,2.021,16.969,5,2022-06-23,2315.263532592007,4582.411741894126,19439.73621205036
Cryptovoxels Parcel,1255.6250590402717,0.7191604904358665,0.7000766625315361,1.4192371529674028,2,2022-06-23,802.0098796526406,823.8723689199132,1625.882248572554
Cryptovoxels Parcel,14.1257,0.65,0.65,0.65,1,2022-06-23,744.6419080577955,744.6419080577955,1000.0
NFT Worlds,329.2848,4.5,3.18,18.23,5,2022-06-23,3643.01733480583,5155.213209630892,20884.34151368248
Somnium Space Land,9.0,1.4,1.4,2.8,2,2022-06-23,1603.844109662944,1603.844109662944,3207.688219325888
Sandbox's LANDs,561.719481,2.5,1.11,75.0667,38,2022-06-23,1271.61925837562,2864.0073386838285,85996.63187631094
Sandbox's LANDs,19959.926333241892,3.4999,2.0,10.4999,4,2022-06-23,2291.205870947063,4009.495713863813,12028.716262178534
Decentraland LAND,2326.8791668668646,1.9250000000000005,1.9250000000000005,1.9250000000000005,1,2022-06-23,2205.285650786549,2205.285650786549,2205.285650786549
Sandbox's LANDs,486.652781,3.5,1.55,44.989,22,2022-06-22,1628.2224082252,3676.631244379484,47259.41801525388
Cryptovoxels Parcel,13.4757,2.0,0.682,5.532,3,2022-06-22,716.4178596190881,2100.9321396454197,5811.178298259229
Cryptovoxels Parcel,1254.205821887304,0.7034090746797297,0.7034090746797297,0.7034090746797297,1,2022-06-22,738.9073661564445,738.9073661564445,1000.0
Decentraland LAND,86.973,2.7,2.475,7.845,3,2022-06-22,2599.9035228112066,2836.258388521316,8240.906317759156
Decentraland LAND,2324.954166866865,4.0,0.0,7.51,3,2022-06-22,120.0,4201.864279290839,7889.000184368549
NFT Worlds,311.0548,8.88,3.95,26.33,5,2022-06-22,4149.340975799703,9328.138700025662,27658.771618431943
Sandbox's LANDs,19949.426433241893,2.0,1.95,7.95,4,2022-06-22,2048.408836154284,2100.9321396454197,8351.205255090541
Sandbox's LANDs,19941.476433241893,7.0,1.1285,64.3745,23,2022-06-21,1267.745850454815,7863.731460508376,72317.68298635664
Decentraland LAND,79.128,3.33,3.33,3.33,1,2022-06-21,3740.889394784699,3740.889394784699,3740.889394784699
NFT Worlds,284.7248,6.3999,3.6969,24.1968,5,2022-06-21,4153.061262336202,7189.584996301079,27182.44820051844
Sandbox's LANDs,441.663781,3.0,1.7,61.09499,31,2022-06-21,1909.7633546948912,3370.170625932161,68633.51356320638
Cryptovoxels Parcel,1253.5024128126245,1.79,0.808819177744391,3.4867043254794288,3,2022-06-21,908.6195448415834,2010.868473472856,3916.92949968046
NFT Worlds,260.528,5.0,3.02,38.79,9,2022-06-20,3414.720047754933,5653.510012839293,43859.93067960724
Sandbox's LANDs,380.568791,7.0,1.58,64.959901,28,2022-06-20,1786.5091640572168,7914.914017975011,73450.29014730985
Cryptovoxels Parcel,1250.015708487145,6.0,0.815801133374779,11.46372740479558,5,2022-06-20,922.4279752039914,6784.212015407153,12962.059533494405
Decentraland LAND,75.798,2.99,2.724,5.714,2,2022-06-20,3080.032254994848,3380.798987677898,6460.831242672745
Sandbox's LANDs,19877.10193324189,4.0,0.0,21.2247,10,2022-06-20,120.0,4522.808010271435,23998.81079390203
Somnium Space Land,525.2122355616233,3.49,3.49,3.49,1,2022-06-19,3925.885812401209,3925.885812401209,3925.885812401209
Sandbox's LANDs,19855.877233241892,4.9,1.2009999999999998,93.58199000000002,40,2022-06-19,1350.9996735512466,5511.988676437227,105269.97330580854
Sandbox's LANDs,315.60889,2.39,1.575,79.96799,41,2022-06-19,1771.71064599768,2688.500599323464,89955.64395049906
Decentraland LAND,2317.4441668668646,3.0,3.0,3.0,1,2022-06-19,3374.686944757485,3374.686944757485,3374.686944757485
NFT Worlds,221.738,5.85,3.55,13.25,3,2022-06-19,3993.379551296358,6580.639542277097,14904.86733934556
Cryptovoxels Parcel,1238.5519810823494,2.085329832748408,0.9,2.985329832748408,2,2022-06-19,1012.4060834272456,2345.778454029788,3358.184537457034
Decentraland LAND,2314.4441668668646,3.7,1.98,11.94,4,2022-06-18,1971.4768727677072,3684.072944060867,11888.602960023443
Decentraland LAND,70.084,3.0,2.4,10.597,4,2022-06-18,2389.6689366881296,2987.0861708601624,10551.38405086838
Cryptovoxels Parcel,7.9437,1.323,1.1907,2.5137,1,2022-06-18,1185.5745012143989,1317.3050013493316,2502.87950256373
Sandbox's LANDs,235.6409,2.98,1.4001,59.2549,32,2022-06-18,1394.0731159404377,2967.172263054428,58999.83078190061
Sandbox's LANDs,19762.295243241893,3.0,1.21,41.60181,21,2022-06-18,1204.791422246932,2987.0861708601624,41422.730444584005
Cryptovoxels Parcel,1235.566651249601,2.5,0.7032765410603985,8.811469695230993,6,2022-06-18,700.2492100306285,2489.238475716802,8773.539757192637
NFT Worlds,23379.174330845868,4.0,4.0,4.0,1,2022-06-18,3982.781561146883,3982.781561146883,3982.781561146883
NFT Worlds,208.488,4.9,2.828,58.038,16,2022-06-18,2815.8265637308464,4878.907412404932,57788.1690614607
NFT Worlds,150.45,4.0,3.6,22.4,6,2022-06-17,3912.732197455445,4347.480219394939,24345.889228611657
Sandbox's LANDs,19720.693433241893,2.5,1.3489583333333337,25.668858333333333,14,2022-06-17,1466.1424177386582,2717.175137121837,27898.7134646544
Somnium Space Land,521.7222355616233,4.1,3.6,7.7,2,2022-06-17,3912.732197455445,4456.167224879812,8368.899422335258
Somnium Space Land,6.2,1.8,1.8,1.8,1,2022-06-17,1956.3660987277224,1956.3660987277224,1956.3660987277224
Cryptovoxels Parcel,5.43,1.3,0.85,4.43,3,2022-06-17,923.8395466214243,1412.931071303355,4814.834342979894
Cryptovoxels Parcel,1226.75518155437,1.0,0.7063440757466856,3.8867710159274047,5,2022-06-17,767.7042243488789,1086.8700548487348,4224.415027265491
NFT Worlds,23375.174330845868,5.969,5.5,11.469,2,2022-06-17,5977.785301668041,6487.527357392098,12465.31265906014
Decentraland LAND,59.487,2.7,2.58,5.28,2,2022-06-17,2804.124741509736,2934.549148091584,5738.673889601319
Sandbox's LANDs,176.386,2.279,1.5,69.464,39,2022-06-17,1630.305082273102,2476.9768550002664,75498.3414900125
Decentraland LAND,2302.5041668668646,2.8,2.8,2.8,1,2022-06-17,3043.236153576457,3043.236153576457,3043.236153576457
Sandbox's LANDs,19695.02457490856,3.0,1.65,19.3,10,2022-06-16,1755.4258425922844,3191.68335016779,20533.16288607945
Sandbox's LANDs,106.922,2.98,1.39,41.874,21,2022-06-16,1478.8132855777426,3170.405461166672,44549.516201642014
Decentraland LAND,54.207,3.75,2.69,33.31,11,2022-06-16,2861.876070650452,3989.6041877097377,35438.324131363035
Somnium Space Land,514.0222355616232,1.69,1.69,1.69,1,2022-06-16,1797.9816205945217,1797.9816205945217,1797.9816205945217
Somnium Space Land,4.4,2.9,2.9,2.9,1,2022-06-16,3085.293905162197,3085.293905162197,3085.293905162197
NFT Worlds,128.05,6.69,2.84,73.77,21,2022-06-16,3021.460238158841,7117.453870874173,78483.49358062596
Cryptovoxels Parcel,1222.8684105384425,0.95,0.95,0.95,1,2022-06-16,1010.6997275531336,1010.6997275531336,1010.6997275531336
Cryptovoxels Parcel,1.0,1.0,1.0,1.0,1,2022-06-16,1063.89445005593,1063.89445005593,1063.89445005593
NFT Worlds,54.28,5.5,2.4,54.28,17,2022-06-15,2963.3814307212883,6791.0824454029525,67021.81002481314
NFT Worlds,23363.705330845867,3.15,3.15,3.15,1,2022-06-15,3889.4381278216906,3889.4381278216906,3889.4381278216906
Sandbox's LANDs,65.048,1.99,1.222222222222222,61.893,40,2022-06-15,1509.129432311767,2457.137102973068,76421.90287151362
Cryptovoxels Parcel,1221.9184105384427,2.55,0.700008909984853,9.97093386599738,8,2022-06-15,864.3305854952347,3148.5927701413684,12311.533443936109
Somnium Space Land,1.5,1.5,1.5,1.5,1,2022-06-15,1852.113394200805,1852.113394200805,1852.113394200805
Decentraland LAND,20.897,3.75,2.95,17.597,5,2022-06-15,3642.489675261584,4630.283485502013,21727.75959850105
Decentraland LAND,2299.704166866865,4.01,0.0,12.11,5,2022-06-15,120.0,4951.316473830152,14952.7288025145
Sandbox's LANDs,19675.72457490856,5.0,1.2063541666666666,38.68248990236666,19,2022-06-15,1489.5364734888558,6173.711314002684,47762.90511280713
Sandbox's LANDs,19637.042085006196,5.0,1.3,159.0856,87,2022-06-14,1572.2164547773398,6046.986364528229,192397.6907985584
Sandbox's LANDs,3.155,1.655,1.5,3.155,2,2022-06-14,1814.0959093584688,2001.552486658844,3815.6483960173127
Somnium Space Land,512.3322355616233,2.0,0.8,4.4,3,2022-06-14,967.5178183245168,2418.794545811292,5321.348000784842
Decentraland LAND,3.3,3.3,3.3,3.3,1,2022-06-14,3991.0110005886313,3991.0110005886313,3991.0110005886313
Decentraland LAND,2287.5941668668647,6.0,1.8,46.43,14,2022-06-14,2176.9150912301625,7256.383637433875,56152.31538100914
Cryptovoxels Parcel,1211.9474766724452,0.92,0.9144355644355644,1.8344355644355643,2,2022-06-14,1105.9158778763067,1112.6454910731943,2218.561368949501
NFT Worlds,23360.55533084587,4.9,3.09,39.46,11,2022-06-14,3737.0375732784455,5926.046637237665,47722.81638885679
Somnium Space Land,507.93223556162326,0.79,0.79,0.79,1,2022-06-13,953.2089644817244,953.2089644817244,1000.0
Sandbox's LANDs,19477.956485006194,2.9,0.0,151.95601,90,2022-06-13,120.0,3499.1215151860765,183349.15308718296
Cryptovoxels Parcel,1210.1130411080096,0.85,0.7040934040375848,2.322375636523256,3,2022-06-13,849.5546133684538,1025.6045820372983,2802.1636400353395
NFT Worlds,23321.095330845867,5.0,2.15,83.47,27,2022-06-13,2594.176295741401,6032.968129631166,100714.36995606268
Decentraland LAND,2241.164166866865,6.4,0.0,37.895,14,2022-06-13,120.0,7722.199205927893,45723.86545447461
Sandbox's LANDs,19326.000475006196,2.5,1.105,90.60945913666666,63,2022-06-12,1584.0068902257788,3583.725995985925,129887.78967611869
NFT Worlds,23237.62533084587,6.6,3.0,45.97,12,2022-06-12,4300.471195183111,9461.03662940284,65897.5536141892
Decentraland LAND,2203.269166866865,2.95,1.99,25.34499,9,2022-06-12,2852.6458928047964,4228.796675263392,36331.799812401325
Cryptovoxels Parcel,1207.7906654714864,1.4,1.1,2.5,2,2022-06-12,1576.8394382338072,2006.8865577521176,3583.725995985925
Decentraland LAND,2177.924176866865,3.79,0.0,9.94,5,2022-06-11,120.0,5788.298967466431,15180.921302537288
Cryptovoxels Parcel,1205.2906654714864,0.969,0.95,1.919,2,2022-06-11,1450.8928810272057,1479.91073864775,2930.803619674956
Sandbox's LANDs,19235.39101586953,1.88,1.39,42.1239,25,2022-06-11,2122.8853732924376,2871.240648769628,64333.96487484412
NFT Worlds,23191.655330845868,6.0,3.5,18.1,4,2022-06-11,5345.394824837073,9163.533985434984,27643.32752272887
Cryptovoxels Parcel,1203.3716654714865,2.69,0.6045315710557003,9.631779434903017,10,2022-06-10,1002.8925230237688,4462.597184499021,15978.718136770916
Decentraland LAND,2167.984176866865,3.0,2.9,5.9,2,2022-06-10,4810.978377340952,4976.874183456157,9787.85256079711
Sandbox's LANDs,19193.267115869527,2.3,1.36,115.6514,61,2022-06-10,2256.1829631667915,3815.60354064972,191860.82231352045
NFT Worlds,23173.55533084587,6.24,4.2499,29.5489,6,2022-06-10,7050.405864090108,10351.898301588806,49020.38585317588
NFT Worlds,23144.006430845868,5.1,3.5,17.55,4,2022-06-09,6250.373314500316,9107.68682970046,31341.157619851587
Somnium Space Land,507.1422355616233,1.6799,1.6799,1.6799,1,2022-06-09,3000.000608865452,3000.000608865452,3000.000608865452
Decentraland LAND,2162.0841768668647,0.0,0.0,0.0,1,2022-06-09,120.0,0.0,1000.0
Sandbox's LANDs,19077.615715869528,2.4,0.0,32.5179,20,2022-06-09,120.0,4285.970272800217,58071.14697245423
Cryptovoxels Parcel,1193.7398860365834,1.8714435621328125,0.7013806500849896,6.447255965231644,6,2022-06-09,1252.5402567423153,3342.063114385242,11513.644753381956
Sandbox's LANDs,19045.09781586953,2.65,1.48,158.5229,74,2022-06-08,2657.2536839238496,4757.920447566353,200000.0
NFT Worlds,23126.45643084587,4.95,3.5,29.71,6,2022-06-08,6284.045874144239,8887.436307718282,53342.57226309296
Decentraland LAND,2162.0841768668647,8.0,2.2,17.176,5,2022-06-08,3949.971692319237,14363.533426615404,30838.50626694327
Cryptovoxels Parcel,1187.2926300713516,1.4,0.7,2.1,2,2022-06-08,1256.8091748288475,2513.6183496576955,3770.427524486544
Cryptovoxels Parcel,1185.1926300713517,1.4837615336586267,0.7,2.9132688584588857,3,2022-06-07,1271.7268504355322,2695.627688567258,5292.688899771197
Sandbox's LANDs,18886.57491586953,2.98,1.5,75.07994925,42,2022-06-07,2725.128965218998,5413.922877568409,136401.69627223158
NFT Worlds,23096.74643084587,6.09,4.7,21.19,4,2022-06-07,8538.737424352861,11064.023598789132,38496.98851532704
Decentraland LAND,2144.908176866865,2.3,0.0,6.74,4,2022-06-07,120.0,4178.531080002464,12244.912817050696
Decentraland LAND,2138.168176866865,2.25,0.0,15.655,8,2022-06-06,120.0,4181.116329243424,29091.27828191369
Sandbox's LANDs,18811.494966619528,3.0,1.515,94.6389999,52,2022-06-06,2815.284995023905,5574.821772324565,175865.18571784746
Cryptovoxels Parcel,1182.2793612128928,1.99,0.7763368272479059,4.496336827247905,4,2022-06-06,1442.6464823996669,3697.965108975295,8355.425480082125
NFT Worlds,23075.556430845867,5.99,3.5,93.04,19,2022-06-06,6503.958734378659,11131.06080540805,172893.80589902584
Decentraland LAND,2122.513176866865,2.2,0.0,8.7,7,2022-06-05,120.0,3975.6819090594895,15722.0148221898
Somnium Space Land,505.46233556162326,1.95,1.95,1.95,1,2022-06-05,3523.899873939093,3523.899873939093,3523.899873939093
Cryptovoxels Parcel,1177.7830243856447,0.808,0.808,0.808,1,2022-06-05,1460.159537509122,1460.159537509122,1460.159537509122
NFT Worlds,22982.51643084587,5.05,5.05,5.05,1,2022-06-05,9125.99710943201,9125.99710943201,9125.99710943201
Sandbox's LANDs,18716.85596671953,2.0,0.6,84.5149,52,2022-06-05,1084.2768842889518,3614.2562809631727,152729.2540799872
Decentraland LAND,2113.813176866865,2.52,1.529,8.0535,4,2022-06-04,2750.92948578361,4533.906019734924,14489.607988069523
NFT Worlds,22977.466430845867,4.4,3.975,44.603,11,2022-06-04,7151.696995415206,7916.343843981613,80248.33738025269
Cryptovoxels Parcel,1176.9750243856447,1.8,0.75,5.25,4,2022-06-04,1349.3767915877747,3238.50429981066,9445.637541114424
Somnium Space Land,503.5123355616233,0.7,0.7,0.7,1,2022-06-04,1259.4183388152564,1259.4183388152564,1259.4183388152564
Sandbox's LANDs,18632.341066719528,1.8,1.4,39.6123,24,2022-06-04,2518.836677630513,3238.50429981066,71269.22437521654
Cryptovoxels Parcel,1171.7250243856447,1.78,0.748,7.306703140625,6,2022-06-03,1326.6992271959837,3157.118481830015,12959.622205905956
Somnium Space Land,502.8123355616233,1.0,1.0,1.0,1,2022-06-03,1773.6620684438285,1773.6620684438285,1773.6620684438285
NFT Worlds,22932.863430845868,4.9,3.98,16.87,4,2022-06-03,7059.175032406438,8690.94413537476,29921.67909464739
Decentraland LAND,2105.759676866865,1.95,0.0,15.67,13,2022-06-03,120.0,3458.6410334654656,27793.28461251479
Sandbox's LANDs,18592.728766719527,6.942,1.175204918032787,78.99820491803278,41,2022-06-03,2084.416385763393,12312.762079137055,140116.11953826746
Cryptovoxels Parcel,1164.41832124502,1.5,0.7,3.7,3,2022-06-02,1286.855923257072,2757.54840697944,6801.952737215952
NFT Worlds,22915.99343084587,7.869,3.65,37.218,8,2022-06-02,6710.034456983304,14466.098943014142,68420.29107397387
Decentraland LAND,2090.089676866865,2.6888,0.0,26.3578,19,2022-06-02,120.0,4942.997437790879,48455.27293432179
Sandbox's LANDs,18513.730561801494,5.0,0.17,98.78104,53,2022-06-02,312.52215279100324,9191.8280232648,181595.66632784824
